lead_id,partner_id,company_name,contact_name,contact_email,region,lead_source,product_interest,deal_value_inr,status,created_date,last_contacted,follow_up_count,time_to_first_contact,converted,conversion_date,ml_score,notes
L-2026-0001,P-2024-080,NetArmor Solutions,Vikram Mehta,vikram@netarmor.in,North,Web,Vuln Mgmt,114000.0,Lost,2026-02-05,2026-05-28,5,13,0,,,
L-2026-0002,P-2024-066,DataFort Systems,Sneha Sharma,sneha@datafort.in,North,LinkedIn,EDR,310000.0,Contacted,2026-02-03,2026-04-24,8,1,0,,,
L-2026-0003,P-2024-020,FireWatch Systems,Kavita Singh,kavita@firewatc.com,East,LinkedIn,DLP,240000.0,Qualified,2025-09-18,2026-04-22,2,1,0,,,
L-2026-0004,P-2024-039,CyberCastle Technologies,Rajesh Mehta,rajesh@cybercas.com,West,Cold Call,Cloud Security,215000.0,New,2026-03-17,2026-04-23,0,9,0,,,
L-2026-0005,P-2024-077,IronWall Networks,Pooja Patel,pooja@ironwall.co.in,Central,Partner Referral,DLP,2984000.0,Converted,2025-08-19,2026-05-23,7,6,1,2026-05-02,,
L-2026-0006,P-2024-008,CyberCastle Technologies,Kavita Mehta,kavita@cybercas.in,East,Web,DLP,331000.0,Contacted,2025-11-10,2026-04-19,5,1,0,,,
L-2026-0007,P-2024-077,DataFort Systems,Vikram Verma,vikram@datafort.in,Central,Referral,Firewall,333000.0,Qualified,2025-07-08,2026-04-20,10,12,0,,,
L-2026-0008,P-2024-019,ShieldTech IT,Vikram Reddy,vikram@shieldte.co.in,East,Cold Call,Vuln Mgmt,420000.0,New,2025-11-15,2026-04-10,10,4,0,,,
L-2026-0009,P-2024-017,IronWall Networks,Amit Patel,amit@ironwall.in,West,LinkedIn,EDR,432000.0,Qualified,2026-01-07,2026-05-24,10,11,0,,,
L-2026-0010,P-2024-020,NexGen Infosec,Pooja Singh,pooja@nexgenin.in,East,Referral,EDR,275000.0,Qualified,2026-02-08,2026-05-21,1,4,0,,,
L-2026-0011,P-2024-080,FireWatch Systems,Pooja Gupta,pooja@firewatc.com,North,Event,IAM,100000.0,Lost,2025-12-31,2026-05-13,7,11,0,,,
L-2026-0012,P-2024-061,NexGen Infosec,Amit Patel,amit@nexgenin.com,West,Event,Vuln Mgmt,249000.0,Lost,2025-12-25,2026-05-29,10,5,0,,,
L-2026-0013,P-2024-062,FireWatch Systems,Amit Gupta,amit@firewatc.co.in,South,Cold Call,EDR,489000.0,New,2025-09-21,2026-05-27,1,8,0,,,
L-2026-0014,P-2024-029,SecureVault Pvt Ltd,Sneha Joshi,sneha@secureva.in,North,Web,EDR,737000.0,Qualified,2026-04-18,2026-05-12,5,14,0,,,
L-2026-0015,P-2024-013,FireWatch Systems,Amit Nair,amit@firewatc.co.in,West,LinkedIn,Firewall,427000.0,Lost,2026-03-23,2026-05-31,5,10,0,,,
L-2026-0016,P-2024-033,CyberCastle Technologies,Vikram Patel,vikram@cybercas.com,Central,Event,Firewall,343000.0,New,2025-12-31,2026-05-06,2,13,0,,,
L-2026-0017,P-2024-080,ShieldTech IT,Amit Gupta,amit@shieldte.com,North,Web,IAM,676000.0,Contacted,2025-11-03,2026-05-17,1,1,0,,,
L-2026-0018,P-2024-074,InfoGuard Corp,Arjun Nair,arjun@infoguar.co.in,North,Web,DLP,436000.0,New,2025-10-23,2026-05-16,10,2,0,,,
L-2026-0019,P-2024-003,IronWall Networks,Amit Kumar,amit@ironwall.co.in,East,Cold Call,SIEM,121000.0,Qualified,2025-06-07,2026-05-21,1,12,0,,,
L-2026-0020,P-2024-060,InfoGuard Corp,Vikram Patel,vikram@infoguar.com,West,LinkedIn,Firewall,162000.0,New,2025-11-22,2026-04-03,10,7,0,,,
L-2026-0021,P-2024-040,CyberCastle Technologies,Rajesh Mehta,rajesh@cybercas.com,West,Partner Referral,Vuln Mgmt,258000.0,Converted,2025-10-26,2026-05-05,8,6,1,2026-05-04,,
L-2026-0022,P-2024-052,SecureVault Pvt Ltd,Deepak Gupta,deepak@secureva.co.in,South,LinkedIn,DLP,205000.0,Converted,2026-03-23,2026-05-05,6,7,1,2026-05-13,,
L-2026-0023,P-2024-024,DataFort Systems,Pooja Joshi,pooja@datafort.co.in,South,Partner Referral,DLP,119000.0,Lost,2025-11-04,2026-05-04,5,4,0,,,
L-2026-0024,P-2024-006,IronWall Networks,Priya Joshi,priya@ironwall.co.in,East,LinkedIn,Vuln Mgmt,355000.0,New,2026-02-10,2026-04-02,5,13,0,,,
L-2026-0025,P-2024-004,ShieldTech IT,Kavita Mehta,kavita@shieldte.co.in,South,Event,Firewall,415000.0,Contacted,2025-06-27,2026-05-23,9,13,0,,,
L-2026-0026,P-2024-058,SecureVault Pvt Ltd,Vikram Patel,vikram@secureva.com,South,Cold Call,Cloud Security,626000.0,Converted,2026-01-27,2026-05-01,7,5,1,2026-05-16,,
L-2026-0027,P-2024-050,DataFort Systems,Sneha Sharma,sneha@datafort.com,West,Partner Referral,DLP,960000.0,Lost,2026-02-03,2026-04-05,4,1,0,,,
L-2026-0028,P-2024-057,DataFort Systems,Vikram Singh,vikram@datafort.in,West,Referral,IAM,593000.0,Converted,2026-01-08,2026-05-25,10,12,1,2026-05-26,,
L-2026-0029,P-2024-018,ShieldTech IT,Priya Gupta,priya@shieldte.co.in,West,Event,Cloud Security,107000.0,New,2025-08-30,2026-04-29,7,12,0,,,
L-2026-0030,P-2024-053,NexGen Infosec,Amit Reddy,amit@nexgenin.com,Central,Web,Vuln Mgmt,383000.0,Qualified,2026-02-25,2026-05-05,9,13,0,,,
L-2026-0031,P-2024-065,CyberCastle Technologies,Kavita Reddy,kavita@cybercas.com,South,Referral,SIEM,278000.0,Contacted,2026-01-22,2026-04-22,1,13,0,,,
L-2026-0032,P-2024-071,DataFort Systems,Pooja Singh,pooja@datafort.co.in,Central,Cold Call,IAM,150000.0,Converted,2025-06-27,2026-05-11,10,2,1,2026-05-06,,
L-2026-0033,P-2024-073,FireWatch Systems,Pooja Kumar,pooja@firewatc.co.in,West,Referral,IAM,445000.0,Lost,2025-12-05,2026-04-21,0,13,0,,,
L-2026-0034,P-2024-039,FireWatch Systems,Arjun Nair,arjun@firewatc.com,West,Web,SIEM,212000.0,Converted,2025-06-26,2026-05-23,10,3,1,2026-05-22,,
L-2026-0035,P-2024-041,FireWatch Systems,Priya Gupta,priya@firewatc.com,East,LinkedIn,EDR,179000.0,Lost,2026-03-14,2026-05-29,5,13,0,,,
L-2026-0036,P-2024-038,InfoGuard Corp,Vikram Nair,vikram@infoguar.com,Central,Web,DLP,162000.0,Converted,2025-08-17,2026-05-03,9,13,1,2026-05-02,,
L-2026-0037,P-2024-031,InfoGuard Corp,Vikram Reddy,vikram@infoguar.com,Central,Event,DLP,113000.0,Lost,2026-02-23,2026-04-06,5,9,0,,,
L-2026-0038,P-2024-034,SecureVault Pvt Ltd,Deepak Gupta,deepak@secureva.in,West,LinkedIn,IAM,197000.0,Converted,2025-09-14,2026-04-14,6,5,1,2026-05-15,,
L-2026-0039,P-2024-036,NexGen Infosec,Amit Patel,amit@nexgenin.co.in,North,Partner Referral,DLP,132000.0,Qualified,2025-08-19,2026-05-30,9,10,0,,,
L-2026-0040,P-2024-006,IronWall Networks,Kavita Verma,kavita@ironwall.com,East,Referral,DLP,639000.0,Contacted,2025-06-21,2026-04-15,5,2,0,,,
L-2026-0041,P-2024-039,IronWall Networks,Rajesh Mehta,rajesh@ironwall.co.in,West,Partner Referral,Firewall,703000.0,Converted,2025-10-01,2026-04-25,8,5,1,2026-05-23,,
L-2026-0042,P-2024-004,NexGen Infosec,Amit Reddy,amit@nexgenin.in,South,Partner Referral,EDR,658000.0,Lost,2025-12-29,2026-05-30,4,7,0,,,
L-2026-0043,P-2024-074,FireWatch Systems,Deepak Verma,deepak@firewatc.co.in,North,LinkedIn,Cloud Security,103000.0,Lost,2026-04-01,2026-04-17,3,1,0,,,
L-2026-0044,P-2024-018,QuantumSafe Solutions,Amit Nair,amit@quantums.in,West,Partner Referral,IAM,132000.0,Qualified,2025-11-02,2026-04-19,8,3,0,,,
L-2026-0045,P-2024-034,FireWatch Systems,Vikram Patel,vikram@firewatc.in,West,Partner Referral,DLP,641000.0,Qualified,2025-11-05,2026-04-27,3,7,0,,,
L-2026-0046,P-2024-036,CyberCastle Technologies,Vikram Kumar,vikram@cybercas.co.in,North,Cold Call,Firewall,397000.0,Contacted,2025-11-06,2026-04-03,9,1,0,,,
L-2026-0047,P-2024-057,NetArmor Solutions,Pooja Verma,pooja@netarmor.com,West,LinkedIn,Firewall,131000.0,New,2025-08-04,2026-05-18,7,4,0,,,
L-2026-0048,P-2024-030,ShieldTech IT,Deepak Singh,deepak@shieldte.co.in,North,Referral,DLP,173000.0,Converted,2025-08-31,2026-04-21,6,1,1,2026-05-26,,
L-2026-0049,P-2024-037,DataFort Systems,Amit Joshi,amit@datafort.com,North,Cold Call,Vuln Mgmt,352000.0,New,2025-10-11,2026-04-12,10,4,0,,,
L-2026-0050,P-2024-064,QuantumSafe Solutions,Meena Reddy,meena@quantums.in,South,Event,EDR,298000.0,Qualified,2025-08-17,2026-05-03,4,14,0,,,
L-2026-0051,P-2024-035,CyberCastle Technologies,Rajesh Mehta,rajesh@cybercas.co.in,West,Event,Cloud Security,113000.0,Contacted,2026-01-24,2026-05-21,1,12,0,,,
L-2026-0052,P-2024-079,FireWatch Systems,Amit Singh,amit@firewatc.in,East,LinkedIn,EDR,677000.0,New,2026-04-29,2026-05-16,6,14,0,,,
L-2026-0053,P-2024-050,InfoGuard Corp,Kavita Patel,kavita@infoguar.co.in,West,Event,Firewall,655000.0,Converted,2025-09-06,2026-05-13,4,7,1,2026-05-27,,
L-2026-0054,P-2024-052,DataFort Systems,Sneha Patel,sneha@datafort.in,South,LinkedIn,EDR,553000.0,Converted,2025-09-12,2026-04-15,4,8,1,2026-05-13,,
L-2026-0055,P-2024-048,QuantumSafe Solutions,Deepak Nair,deepak@quantums.co.in,South,Web,SIEM,826000.0,New,2026-03-24,2026-04-04,8,11,0,,,
L-2026-0056,P-2024-073,SecureVault Pvt Ltd,Deepak Nair,deepak@secureva.co.in,West,Referral,EDR,537000.0,Converted,2025-07-08,2026-05-01,8,0,1,2026-05-30,,
L-2026-0057,P-2024-066,CyberCastle Technologies,Deepak Nair,deepak@cybercas.co.in,North,Web,Firewall,235000.0,New,2025-10-12,2026-05-16,0,12,0,,,
L-2026-0058,P-2024-001,InfoGuard Corp,Priya Nair,priya@infoguar.in,North,LinkedIn,DLP,97000.0,New,2026-01-30,2026-04-13,9,3,0,,,
L-2026-0059,P-2024-018,SecureVault Pvt Ltd,Arjun Joshi,arjun@secureva.co.in,West,LinkedIn,Cloud Security,742000.0,Lost,2025-07-30,2026-05-24,10,11,0,,,
L-2026-0060,P-2024-045,FireWatch Systems,Rajesh Gupta,rajesh@firewatc.co.in,North,Referral,Cloud Security,227000.0,Converted,2025-07-28,2026-05-05,8,2,1,2026-05-15,,
L-2026-0061,P-2024-049,NexGen Infosec,Rajesh Joshi,rajesh@nexgenin.com,Central,Event,EDR,200000.0,New,2026-01-17,2026-05-28,7,3,0,,,
L-2026-0062,P-2024-013,QuantumSafe Solutions,Meena Patel,meena@quantums.com,West,Partner Referral,Vuln Mgmt,422000.0,Lost,2026-04-04,2026-05-24,7,0,0,,,
L-2026-0063,P-2024-065,QuantumSafe Solutions,Vikram Singh,vikram@quantums.com,South,Cold Call,DLP,145000.0,Converted,2025-11-30,2026-05-15,9,3,1,2026-05-31,,
L-2026-0064,P-2024-072,IronWall Networks,Arjun Reddy,arjun@ironwall.co.in,Central,Partner Referral,DLP,363000.0,Qualified,2025-10-05,2026-05-23,2,14,0,,,
L-2026-0065,P-2024-039,ShieldTech IT,Rajesh Reddy,rajesh@shieldte.in,West,Web,IAM,211000.0,Lost,2025-08-04,2026-05-24,8,2,0,,,
L-2026-0066,P-2024-050,NetArmor Solutions,Priya Reddy,priya@netarmor.com,West,Event,SIEM,208000.0,Qualified,2025-10-21,2026-04-19,3,4,0,,,
L-2026-0067,P-2024-078,CyberCastle Technologies,Sneha Mehta,sneha@cybercas.com,North,Partner Referral,EDR,45000.0,Lost,2026-01-25,2026-04-15,1,0,0,,,
L-2026-0068,P-2024-016,FireWatch Systems,Vikram Joshi,vikram@firewatc.co.in,North,LinkedIn,Cloud Security,427000.0,Qualified,2025-10-31,2026-05-13,7,12,0,,,
L-2026-0069,P-2024-034,IronWall Networks,Sneha Mehta,sneha@ironwall.in,West,Cold Call,Firewall,212000.0,Qualified,2025-07-18,2026-04-07,7,8,0,,,
L-2026-0070,P-2024-029,NexGen Infosec,Sneha Joshi,sneha@nexgenin.com,North,LinkedIn,DLP,323000.0,Qualified,2025-07-25,2026-04-21,0,2,0,,,
L-2026-0071,P-2024-044,FireWatch Systems,Amit Reddy,amit@firewatc.com,South,Cold Call,IAM,264000.0,Contacted,2025-06-08,2026-05-29,7,12,0,,,
L-2026-0072,P-2024-068,NetArmor Solutions,Amit Kumar,amit@netarmor.co.in,North,Referral,DLP,498000.0,Converted,2025-10-23,2026-05-29,1,13,1,2026-05-13,,
L-2026-0073,P-2024-079,ShieldTech IT,Rajesh Reddy,rajesh@shieldte.com,East,Web,Firewall,237000.0,Qualified,2026-03-14,2026-04-29,7,10,0,,,
L-2026-0074,P-2024-020,ShieldTech IT,Priya Mehta,priya@shieldte.in,East,Event,IAM,327000.0,Lost,2025-12-29,2026-04-18,9,3,0,,,
L-2026-0075,P-2024-029,ShieldTech IT,Arjun Joshi,arjun@shieldte.co.in,North,Cold Call,DLP,1188000.0,New,2026-04-04,2026-04-22,1,10,0,,,
L-2026-0076,P-2024-002,InfoGuard Corp,Priya Reddy,priya@infoguar.com,South,LinkedIn,EDR,268000.0,Converted,2025-07-16,2026-05-02,1,2,1,2026-05-24,,
L-2026-0077,P-2024-006,NexGen Infosec,Rajesh Patel,rajesh@nexgenin.com,East,Referral,Vuln Mgmt,942000.0,Qualified,2025-10-11,2026-04-03,4,10,0,,,
L-2026-0078,P-2024-010,IronWall Networks,Priya Reddy,priya@ironwall.com,North,Cold Call,Firewall,62000.0,Contacted,2025-09-21,2026-05-18,9,2,0,,,
L-2026-0079,P-2024-010,FireWatch Systems,Vikram Nair,vikram@firewatc.com,North,Cold Call,SIEM,755000.0,Converted,2025-07-23,2026-04-02,9,9,1,2026-05-20,,
L-2026-0080,P-2024-056,CyberCastle Technologies,Priya Sharma,priya@cybercas.com,West,Event,DLP,342000.0,Contacted,2025-06-12,2026-05-23,9,10,0,,,
L-2026-0081,P-2024-050,FireWatch Systems,Amit Joshi,amit@firewatc.co.in,West,Cold Call,IAM,195000.0,New,2025-08-13,2026-05-06,1,5,0,,,
L-2026-0082,P-2024-014,ShieldTech IT,Rajesh Gupta,rajesh@shieldte.in,North,Referral,Vuln Mgmt,323000.0,Converted,2026-03-20,2026-04-16,5,1,1,2026-05-04,,
L-2026-0083,P-2024-072,DataFort Systems,Vikram Nair,vikram@datafort.com,Central,Event,EDR,129000.0,Qualified,2025-09-22,2026-05-15,8,9,0,,,
L-2026-0084,P-2024-054,CyberCastle Technologies,Priya Singh,priya@cybercas.com,West,Cold Call,DLP,490000.0,Lost,2025-11-13,2026-04-09,1,7,0,,,
L-2026-0085,P-2024-080,NexGen Infosec,Vikram Mehta,vikram@nexgenin.co.in,North,Web,EDR,232000.0,Contacted,2025-08-30,2026-05-12,5,12,0,,,
L-2026-0086,P-2024-023,ShieldTech IT,Arjun Gupta,arjun@shieldte.in,South,Web,Firewall,646000.0,Qualified,2025-07-18,2026-05-20,4,5,0,,,
L-2026-0087,P-2024-076,DataFort Systems,Arjun Nair,arjun@datafort.co.in,Central,Partner Referral,SIEM,37000.0,Converted,2025-12-30,2026-05-16,10,2,1,2026-05-11,,
L-2026-0088,P-2024-020,IronWall Networks,Deepak Kumar,deepak@ironwall.co.in,East,LinkedIn,Vuln Mgmt,256000.0,Lost,2025-08-01,2026-04-24,6,6,0,,,
L-2026-0089,P-2024-011,ShieldTech IT,Arjun Mehta,arjun@shieldte.com,East,Referral,Firewall,375000.0,Converted,2026-03-13,2026-05-16,3,12,1,2026-05-25,,
L-2026-0090,P-2024-066,QuantumSafe Solutions,Meena Verma,meena@quantums.com,North,LinkedIn,SIEM,348000.0,Lost,2026-04-20,2026-05-02,8,8,0,,,
L-2026-0091,P-2024-014,IronWall Networks,Deepak Nair,deepak@ironwall.in,North,Cold Call,Firewall,131000.0,Contacted,2025-09-20,2026-04-16,1,6,0,,,
L-2026-0092,P-2024-058,QuantumSafe Solutions,Deepak Singh,deepak@quantums.com,South,Cold Call,SIEM,99000.0,Contacted,2025-07-20,2026-05-05,4,1,0,,,
L-2026-0093,P-2024-060,FireWatch Systems,Pooja Patel,pooja@firewatc.co.in,West,Event,DLP,334000.0,Converted,2025-10-15,2026-06-01,6,12,1,2026-05-10,,
L-2026-0094,P-2024-028,FireWatch Systems,Kavita Patel,kavita@firewatc.com,Central,Event,SIEM,456000.0,Qualified,2025-08-25,2026-04-29,1,4,0,,,
L-2026-0095,P-2024-041,CyberCastle Technologies,Pooja Singh,pooja@cybercas.co.in,East,Partner Referral,IAM,227000.0,Lost,2026-03-20,2026-04-19,9,6,0,,,
L-2026-0096,P-2024-018,DataFort Systems,Arjun Verma,arjun@datafort.co.in,West,Cold Call,DLP,194000.0,Converted,2025-09-28,2026-05-21,3,1,1,2026-05-17,,
L-2026-0097,P-2024-069,IronWall Networks,Pooja Kumar,pooja@ironwall.com,South,LinkedIn,DLP,141000.0,Lost,2026-02-22,2026-05-20,10,14,0,,,
L-2026-0098,P-2024-050,SecureVault Pvt Ltd,Meena Singh,meena@secureva.co.in,West,Partner Referral,Firewall,263000.0,Lost,2026-01-10,2026-05-14,10,8,0,,,
L-2026-0099,P-2024-005,SecureVault Pvt Ltd,Deepak Reddy,deepak@secureva.co.in,Central,Cold Call,Firewall,71000.0,Lost,2025-12-16,2026-04-13,8,3,0,,,
L-2026-0100,P-2024-070,CyberCastle Technologies,Priya Patel,priya@cybercas.com,West,Cold Call,DLP,508000.0,Lost,2025-12-19,2026-05-10,0,8,0,,,
L-2026-0101,P-2024-012,DataFort Systems,Pooja Joshi,pooja@datafort.co.in,North,Web,EDR,441000.0,Qualified,2026-01-17,2026-04-10,1,13,0,,,
L-2026-0102,P-2024-027,CyberCastle Technologies,Vikram Verma,vikram@cybercas.co.in,South,Referral,Cloud Security,300000.0,Qualified,2026-03-15,2026-05-24,5,9,0,,,
L-2026-0103,P-2024-053,NexGen Infosec,Meena Singh,meena@nexgenin.co.in,Central,Referral,SIEM,82000.0,Lost,2025-06-15,2026-05-06,10,4,0,,,
L-2026-0104,P-2024-049,IronWall Networks,Meena Nair,meena@ironwall.co.in,Central,Web,Firewall,1543000.0,Qualified,2026-03-16,2026-04-16,10,1,0,,,
L-2026-0105,P-2024-059,NexGen Infosec,Kavita Reddy,kavita@nexgenin.com,West,LinkedIn,IAM,648000.0,Qualified,2025-08-27,2026-04-12,5,10,0,,,
L-2026-0106,P-2024-044,SecureVault Pvt Ltd,Kavita Gupta,kavita@secureva.in,South,LinkedIn,Cloud Security,31000.0,New,2025-06-04,2026-05-22,0,12,0,,,
L-2026-0107,P-2024-007,NetArmor Solutions,Priya Kumar,priya@netarmor.in,North,Web,Firewall,953000.0,New,2026-02-24,2026-04-25,4,10,0,,,
L-2026-0108,P-2024-029,SecureVault Pvt Ltd,Priya Sharma,priya@secureva.in,North,Partner Referral,SIEM,237000.0,Lost,2025-11-30,2026-05-24,7,10,0,,,
L-2026-0109,P-2024-049,NetArmor Solutions,Meena Mehta,meena@netarmor.co.in,Central,Event,Cloud Security,94000.0,Contacted,2026-02-14,2026-04-04,10,10,0,,,
L-2026-0110,P-2024-053,CyberCastle Technologies,Amit Patel,amit@cybercas.co.in,Central,Partner Referral,Firewall,328000.0,Qualified,2025-12-26,2026-04-27,7,10,0,,,
L-2026-0111,P-2024-077,InfoGuard Corp,Arjun Gupta,arjun@infoguar.com,Central,Partner Referral,DLP,514000.0,Converted,2025-10-17,2026-05-25,9,11,1,2026-05-25,,
L-2026-0112,P-2024-064,NexGen Infosec,Amit Joshi,amit@nexgenin.in,South,LinkedIn,SIEM,1530000.0,Qualified,2025-07-27,2026-04-19,1,9,0,,,
L-2026-0113,P-2024-023,SecureVault Pvt Ltd,Arjun Joshi,arjun@secureva.co.in,South,Web,IAM,275000.0,Lost,2025-07-31,2026-04-23,1,12,0,,,
L-2026-0114,P-2024-020,NetArmor Solutions,Vikram Joshi,vikram@netarmor.com,East,Cold Call,EDR,151000.0,New,2026-03-19,2026-04-03,4,1,0,,,
L-2026-0115,P-2024-056,InfoGuard Corp,Rajesh Singh,rajesh@infoguar.com,West,Referral,DLP,333000.0,New,2025-11-06,2026-04-29,9,7,0,,,
L-2026-0116,P-2024-067,ShieldTech IT,Rajesh Mehta,rajesh@shieldte.in,East,LinkedIn,IAM,133000.0,New,2026-03-31,2026-05-16,2,4,0,,,
L-2026-0117,P-2024-074,CyberCastle Technologies,Kavita Singh,kavita@cybercas.com,North,LinkedIn,IAM,244000.0,Converted,2026-03-04,2026-05-18,7,1,1,2026-05-09,,
L-2026-0118,P-2024-066,ShieldTech IT,Rajesh Reddy,rajesh@shieldte.com,North,Referral,SIEM,138000.0,Converted,2025-12-26,2026-05-06,0,0,1,2026-05-03,,
L-2026-0119,P-2024-041,QuantumSafe Solutions,Amit Patel,amit@quantums.com,East,Cold Call,DLP,300000.0,New,2026-03-28,2026-04-06,1,13,0,,,
L-2026-0120,P-2024-060,CyberCastle Technologies,Vikram Verma,vikram@cybercas.co.in,West,Cold Call,IAM,158000.0,Contacted,2025-12-29,2026-05-03,4,12,0,,,
L-2026-0121,P-2024-048,InfoGuard Corp,Rajesh Joshi,rajesh@infoguar.com,South,Partner Referral,IAM,542000.0,Contacted,2025-11-06,2026-04-22,3,7,0,,,
L-2026-0122,P-2024-002,FireWatch Systems,Sneha Joshi,sneha@firewatc.com,South,Cold Call,EDR,140000.0,Converted,2025-12-10,2026-05-27,10,0,1,2026-05-31,,
L-2026-0123,P-2024-030,NexGen Infosec,Arjun Sharma,arjun@nexgenin.co.in,North,Partner Referral,Firewall,214000.0,Contacted,2025-09-22,2026-04-20,5,6,0,,,
L-2026-0124,P-2024-017,SecureVault Pvt Ltd,Vikram Patel,vikram@secureva.com,West,Event,EDR,112000.0,Lost,2025-07-07,2026-05-26,4,4,0,,,
L-2026-0125,P-2024-020,FireWatch Systems,Meena Gupta,meena@firewatc.in,East,Referral,Vuln Mgmt,248000.0,Contacted,2026-03-02,2026-05-27,7,2,0,,,
L-2026-0126,P-2024-021,InfoGuard Corp,Arjun Reddy,arjun@infoguar.co.in,North,LinkedIn,SIEM,207000.0,Qualified,2025-12-20,2026-04-10,9,4,0,,,
L-2026-0127,P-2024-023,InfoGuard Corp,Amit Sharma,amit@infoguar.com,South,Referral,Vuln Mgmt,318000.0,Converted,2026-01-09,2026-05-24,7,6,1,2026-05-26,,
L-2026-0128,P-2024-052,DataFort Systems,Sneha Nair,sneha@datafort.com,South,Cold Call,Vuln Mgmt,1123000.0,New,2025-11-14,2026-05-25,10,10,0,,,
L-2026-0129,P-2024-006,DataFort Systems,Arjun Joshi,arjun@datafort.in,East,Web,EDR,749000.0,Converted,2026-01-27,2026-05-15,2,0,1,2026-05-24,,
L-2026-0130,P-2024-058,InfoGuard Corp,Deepak Nair,deepak@infoguar.com,South,Event,SIEM,333000.0,Converted,2025-10-18,2026-05-24,9,0,1,2026-05-19,,
L-2026-0131,P-2024-026,FireWatch Systems,Meena Reddy,meena@firewatc.in,Central,LinkedIn,IAM,285000.0,Qualified,2025-08-18,2026-05-12,8,14,0,,,
L-2026-0132,P-2024-050,IronWall Networks,Meena Reddy,meena@ironwall.co.in,West,Cold Call,EDR,195000.0,New,2026-02-10,2026-05-26,0,2,0,,,
L-2026-0133,P-2024-032,IronWall Networks,Pooja Joshi,pooja@ironwall.com,East,LinkedIn,EDR,335000.0,Contacted,2026-01-01,2026-04-25,4,3,0,,,
L-2026-0134,P-2024-041,DataFort Systems,Deepak Gupta,deepak@datafort.in,East,LinkedIn,Firewall,328000.0,Lost,2026-03-17,2026-05-29,5,11,0,,,
L-2026-0135,P-2024-030,DataFort Systems,Amit Mehta,amit@datafort.in,North,Partner Referral,Firewall,278000.0,Contacted,2026-04-21,2026-05-23,0,3,0,,,
L-2026-0136,P-2024-076,FireWatch Systems,Amit Joshi,amit@firewatc.co.in,Central,LinkedIn,SIEM,229000.0,Contacted,2026-02-02,2026-04-17,2,14,0,,,
L-2026-0137,P-2024-072,CyberCastle Technologies,Arjun Gupta,arjun@cybercas.com,Central,LinkedIn,EDR,446000.0,Contacted,2026-05-02,2026-04-02,9,14,0,,,
L-2026-0138,P-2024-074,IronWall Networks,Priya Patel,priya@ironwall.in,North,Web,EDR,111000.0,Converted,2025-06-11,2026-04-06,9,13,1,2026-05-02,,
L-2026-0139,P-2024-012,IronWall Networks,Sneha Sharma,sneha@ironwall.in,North,LinkedIn,Vuln Mgmt,431000.0,Contacted,2026-03-08,2026-04-16,10,10,0,,,
L-2026-0140,P-2024-001,NexGen Infosec,Priya Nair,priya@nexgenin.co.in,North,Referral,Vuln Mgmt,760000.0,Converted,2026-01-07,2026-05-22,7,6,1,2026-05-18,,
L-2026-0141,P-2024-010,NexGen Infosec,Kavita Verma,kavita@nexgenin.in,North,Referral,Cloud Security,142000.0,New,2026-04-17,2026-05-05,0,4,0,,,
L-2026-0142,P-2024-022,NetArmor Solutions,Vikram Gupta,vikram@netarmor.com,Central,Partner Referral,Firewall,163000.0,Qualified,2025-10-13,2026-04-26,6,14,0,,,
L-2026-0143,P-2024-071,InfoGuard Corp,Sneha Sharma,sneha@infoguar.com,Central,Web,EDR,192000.0,Lost,2025-06-10,2026-05-14,0,2,0,,,
L-2026-0144,P-2024-011,ShieldTech IT,Priya Reddy,priya@shieldte.com,East,Web,SIEM,173000.0,Qualified,2025-10-19,2026-05-09,1,13,0,,,
L-2026-0145,P-2024-024,SecureVault Pvt Ltd,Amit Sharma,amit@secureva.co.in,South,Web,SIEM,240000.0,Converted,2025-07-29,2026-05-06,4,0,1,2026-05-08,,
L-2026-0146,P-2024-076,FireWatch Systems,Pooja Patel,pooja@firewatc.in,Central,Event,Firewall,211000.0,Lost,2025-10-12,2026-04-05,0,8,0,,,
L-2026-0147,P-2024-005,DataFort Systems,Meena Singh,meena@datafort.com,Central,Partner Referral,Vuln Mgmt,964000.0,New,2026-01-24,2026-05-24,8,9,0,,,
L-2026-0148,P-2024-006,QuantumSafe Solutions,Priya Joshi,priya@quantums.in,East,Web,IAM,769000.0,New,2025-11-17,2026-04-08,10,1,0,,,
L-2026-0149,P-2024-036,DataFort Systems,Priya Joshi,priya@datafort.com,North,Partner Referral,IAM,762000.0,Lost,2025-07-05,2026-04-25,0,7,0,,,
L-2026-0150,P-2024-013,CyberCastle Technologies,Rajesh Singh,rajesh@cybercas.in,West,Referral,EDR,105000.0,Lost,2025-06-20,2026-04-24,1,9,0,,,
L-2026-0151,P-2024-052,IronWall Networks,Kavita Kumar,kavita@ironwall.in,South,Referral,SIEM,353000.0,Converted,2025-12-10,2026-04-09,5,6,1,2026-05-17,,
L-2026-0152,P-2024-013,SecureVault Pvt Ltd,Arjun Verma,arjun@secureva.com,West,Event,DLP,863000.0,Converted,2026-01-14,2026-04-04,4,2,1,2026-05-06,,
L-2026-0153,P-2024-053,NexGen Infosec,Amit Reddy,amit@nexgenin.com,Central,LinkedIn,EDR,275000.0,Lost,2026-01-24,2026-04-06,8,7,0,,,
L-2026-0154,P-2024-026,ShieldTech IT,Meena Reddy,meena@shieldte.co.in,Central,Referral,Firewall,129000.0,Converted,2026-04-17,2026-05-17,0,3,1,2026-05-21,,
L-2026-0155,P-2024-063,SecureVault Pvt Ltd,Amit Gupta,amit@secureva.in,West,Partner Referral,Firewall,894000.0,Qualified,2025-10-17,2026-05-29,2,7,0,,,
L-2026-0156,P-2024-021,InfoGuard Corp,Arjun Reddy,arjun@infoguar.co.in,North,Partner Referral,Firewall,1077000.0,Qualified,2025-09-02,2026-04-04,3,12,0,,,
L-2026-0157,P-2024-017,IronWall Networks,Arjun Joshi,arjun@ironwall.in,West,LinkedIn,SIEM,457000.0,Qualified,2026-01-11,2026-05-03,9,2,0,,,
L-2026-0158,P-2024-039,NexGen Infosec,Deepak Verma,deepak@nexgenin.in,West,LinkedIn,SIEM,229000.0,Qualified,2026-03-08,2026-05-02,9,8,0,,,
L-2026-0159,P-2024-009,QuantumSafe Solutions,Sneha Singh,sneha@quantums.com,South,Cold Call,Firewall,193000.0,Qualified,2025-06-29,2026-05-07,10,4,0,,,
L-2026-0160,P-2024-041,NetArmor Solutions,Pooja Verma,pooja@netarmor.in,East,LinkedIn,Cloud Security,152000.0,New,2026-01-09,2026-04-19,0,2,0,,,
L-2026-0161,P-2024-069,FireWatch Systems,Vikram Sharma,vikram@firewatc.com,South,LinkedIn,Cloud Security,286000.0,Contacted,2025-12-21,2026-04-16,7,12,0,,,
L-2026-0162,P-2024-072,IronWall Networks,Arjun Mehta,arjun@ironwall.in,Central,Event,IAM,352000.0,Qualified,2025-12-03,2026-05-03,5,10,0,,,
L-2026-0163,P-2024-016,CyberCastle Technologies,Arjun Reddy,arjun@cybercas.in,North,Web,Firewall,2104000.0,New,2026-02-14,2026-05-24,10,0,0,,,
L-2026-0164,P-2024-026,DataFort Systems,Amit Verma,amit@datafort.in,Central,Cold Call,Vuln Mgmt,204000.0,Contacted,2026-03-18,2026-05-24,9,6,0,,,
L-2026-0165,P-2024-079,QuantumSafe Solutions,Rajesh Mehta,rajesh@quantums.com,East,Web,Firewall,227000.0,Qualified,2026-04-30,2026-04-22,6,10,0,,,
L-2026-0166,P-2024-032,InfoGuard Corp,Amit Sharma,amit@infoguar.in,East,Event,SIEM,201000.0,Qualified,2025-09-11,2026-04-16,5,11,0,,,
L-2026-0167,P-2024-067,DataFort Systems,Kavita Patel,kavita@datafort.in,East,Partner Referral,Firewall,201000.0,Lost,2026-01-06,2026-05-18,5,8,0,,,
L-2026-0168,P-2024-017,QuantumSafe Solutions,Arjun Gupta,arjun@quantums.co.in,West,Event,Firewall,311000.0,New,2025-07-02,2026-05-29,0,11,0,,,
L-2026-0169,P-2024-014,CyberCastle Technologies,Sneha Kumar,sneha@cybercas.in,North,LinkedIn,Cloud Security,246000.0,Contacted,2026-03-12,2026-04-20,0,13,0,,,
L-2026-0170,P-2024-067,SecureVault Pvt Ltd,Vikram Sharma,vikram@secureva.in,East,Cold Call,EDR,431000.0,New,2025-06-25,2026-05-20,9,9,0,,,
L-2026-0171,P-2024-034,IronWall Networks,Sneha Nair,sneha@ironwall.com,West,Partner Referral,Firewall,399000.0,Lost,2026-04-26,2026-04-20,5,3,0,,,
L-2026-0172,P-2024-012,NetArmor Solutions,Priya Gupta,priya@netarmor.in,North,Referral,SIEM,352000.0,Converted,2025-12-18,2026-05-03,9,13,1,2026-05-31,,
L-2026-0173,P-2024-013,InfoGuard Corp,Priya Sharma,priya@infoguar.com,West,Event,Vuln Mgmt,571000.0,Lost,2026-02-21,2026-04-20,0,13,0,,,
L-2026-0174,P-2024-022,SecureVault Pvt Ltd,Kavita Singh,kavita@secureva.in,Central,Cold Call,DLP,630000.0,Qualified,2025-09-11,2026-05-15,7,5,0,,,
L-2026-0175,P-2024-050,SecureVault Pvt Ltd,Rajesh Singh,rajesh@secureva.in,West,LinkedIn,IAM,866000.0,Converted,2025-08-28,2026-04-11,7,13,1,2026-05-14,,
L-2026-0176,P-2024-057,SecureVault Pvt Ltd,Meena Nair,meena@secureva.in,West,Event,DLP,719000.0,Contacted,2026-04-09,2026-05-28,6,9,0,,,
L-2026-0177,P-2024-034,QuantumSafe Solutions,Kavita Reddy,kavita@quantums.co.in,West,LinkedIn,Cloud Security,642000.0,Contacted,2025-06-20,2026-05-26,0,5,0,,,
L-2026-0178,P-2024-056,InfoGuard Corp,Deepak Verma,deepak@infoguar.com,West,LinkedIn,Cloud Security,249000.0,Contacted,2026-02-11,2026-04-30,3,11,0,,,
L-2026-0179,P-2024-061,NetArmor Solutions,Rajesh Reddy,rajesh@netarmor.co.in,West,Web,Cloud Security,85000.0,Qualified,2025-10-21,2026-05-07,2,13,0,,,
L-2026-0180,P-2024-031,InfoGuard Corp,Priya Nair,priya@infoguar.com,Central,Referral,DLP,568000.0,Converted,2025-10-03,2026-05-30,7,7,1,2026-05-15,,
L-2026-0181,P-2024-071,InfoGuard Corp,Kavita Mehta,kavita@infoguar.com,Central,Referral,Vuln Mgmt,1495000.0,Lost,2025-09-12,2026-05-11,1,13,0,,,
L-2026-0182,P-2024-072,IronWall Networks,Sneha Kumar,sneha@ironwall.in,Central,Partner Referral,Vuln Mgmt,428000.0,New,2025-06-12,2026-04-11,7,9,0,,,
L-2026-0183,P-2024-038,CyberCastle Technologies,Arjun Sharma,arjun@cybercas.co.in,Central,Partner Referral,EDR,359000.0,Contacted,2026-01-26,2026-05-25,5,8,0,,,
L-2026-0184,P-2024-051,NexGen Infosec,Meena Nair,meena@nexgenin.co.in,East,Event,EDR,375000.0,New,2025-08-20,2026-06-01,3,7,0,,,
L-2026-0185,P-2024-068,DataFort Systems,Pooja Singh,pooja@datafort.com,North,LinkedIn,DLP,256000.0,Converted,2025-06-29,2026-04-24,8,0,1,2026-05-04,,
L-2026-0186,P-2024-042,IronWall Networks,Vikram Joshi,vikram@ironwall.in,South,Partner Referral,DLP,202000.0,Contacted,2026-02-23,2026-05-24,6,14,0,,,
L-2026-0187,P-2024-053,NexGen Infosec,Sneha Patel,sneha@nexgenin.co.in,Central,Partner Referral,SIEM,106000.0,Contacted,2025-11-07,2026-04-04,8,11,0,,,
L-2026-0188,P-2024-017,FireWatch Systems,Kavita Reddy,kavita@firewatc.co.in,West,LinkedIn,IAM,273000.0,New,2025-10-01,2026-04-19,2,10,0,,,
L-2026-0189,P-2024-069,NetArmor Solutions,Rajesh Kumar,rajesh@netarmor.in,South,Cold Call,Vuln Mgmt,651000.0,Contacted,2026-02-09,2026-05-14,6,14,0,,,
L-2026-0190,P-2024-033,SecureVault Pvt Ltd,Kavita Nair,kavita@secureva.co.in,Central,Event,Vuln Mgmt,389000.0,New,2025-07-19,2026-04-07,0,13,0,,,
L-2026-0191,P-2024-029,ShieldTech IT,Arjun Joshi,arjun@shieldte.co.in,North,LinkedIn,SIEM,196000.0,New,2025-07-24,2026-05-29,8,10,0,,,
L-2026-0192,P-2024-002,NexGen Infosec,Pooja Reddy,pooja@nexgenin.com,South,LinkedIn,Vuln Mgmt,571000.0,Qualified,2026-01-23,2026-05-14,3,4,0,,,
L-2026-0193,P-2024-058,CyberCastle Technologies,Rajesh Joshi,rajesh@cybercas.co.in,South,Event,SIEM,160000.0,Lost,2026-02-25,2026-05-22,1,10,0,,,
L-2026-0194,P-2024-075,FireWatch Systems,Pooja Gupta,pooja@firewatc.co.in,East,Cold Call,IAM,128000.0,New,2025-10-31,2026-05-28,5,0,0,,,
L-2026-0195,P-2024-041,NetArmor Solutions,Priya Mehta,priya@netarmor.com,East,Partner Referral,Cloud Security,306000.0,Lost,2025-11-14,2026-05-11,2,3,0,,,
L-2026-0196,P-2024-047,SecureVault Pvt Ltd,Kavita Joshi,kavita@secureva.in,South,Cold Call,SIEM,123000.0,New,2025-07-30,2026-04-16,9,3,0,,,
L-2026-0197,P-2024-037,NetArmor Solutions,Rajesh Gupta,rajesh@netarmor.in,North,Referral,IAM,544000.0,Converted,2026-03-21,2026-04-02,8,14,1,2026-05-29,,
L-2026-0198,P-2024-022,NetArmor Solutions,Arjun Sharma,arjun@netarmor.co.in,Central,Partner Referral,Vuln Mgmt,335000.0,Contacted,2025-09-22,2026-04-21,0,8,0,,,
L-2026-0199,P-2024-010,ShieldTech IT,Vikram Joshi,vikram@shieldte.in,North,LinkedIn,Cloud Security,149000.0,Contacted,2025-10-07,2026-05-05,2,10,0,,,
L-2026-0200,P-2024-041,QuantumSafe Solutions,Priya Mehta,priya@quantums.com,East,Referral,SIEM,371000.0,Converted,2025-11-29,2026-04-24,10,6,1,2026-05-30,,
L-2026-0201,P-2024-037,IronWall Networks,Amit Gupta,amit@ironwall.com,North,Web,IAM,147000.0,Qualified,2025-07-22,2026-05-23,6,6,0,,,
L-2026-0202,P-2024-016,ShieldTech IT,Kavita Patel,kavita@shieldte.co.in,North,Referral,Vuln Mgmt,357000.0,Converted,2025-08-13,2026-05-23,9,0,1,2026-05-27,,
L-2026-0203,P-2024-024,QuantumSafe Solutions,Deepak Nair,deepak@quantums.com,South,Event,SIEM,161000.0,New,2026-03-29,2026-05-16,4,9,0,,,
L-2026-0204,P-2024-013,NexGen Infosec,Priya Gupta,priya@nexgenin.com,West,Event,EDR,261000.0,Contacted,2025-11-21,2026-05-01,9,11,0,,,
L-2026-0205,P-2024-058,DataFort Systems,Kavita Joshi,kavita@datafort.com,South,Cold Call,SIEM,141000.0,Converted,2025-12-27,2026-04-12,10,9,1,2026-05-25,,
L-2026-0206,P-2024-056,SecureVault Pvt Ltd,Meena Reddy,meena@secureva.com,West,Cold Call,Cloud Security,705000.0,Qualified,2025-06-26,2026-05-27,5,13,0,,,
L-2026-0207,P-2024-036,InfoGuard Corp,Rajesh Reddy,rajesh@infoguar.co.in,North,Event,IAM,56000.0,New,2025-10-07,2026-04-13,8,14,0,,,
L-2026-0208,P-2024-076,ShieldTech IT,Amit Mehta,amit@shieldte.com,Central,Event,Vuln Mgmt,313000.0,Lost,2025-07-05,2026-04-16,0,14,0,,,
L-2026-0209,P-2024-038,FireWatch Systems,Deepak Singh,deepak@firewatc.com,Central,Event,EDR,275000.0,Contacted,2025-07-17,2026-04-02,8,7,0,,,
L-2026-0210,P-2024-073,SecureVault Pvt Ltd,Meena Patel,meena@secureva.in,West,LinkedIn,SIEM,502000.0,Contacted,2026-01-03,2026-05-30,2,13,0,,,
L-2026-0211,P-2024-027,QuantumSafe Solutions,Kavita Sharma,kavita@quantums.co.in,South,Partner Referral,Vuln Mgmt,41000.0,Converted,2025-12-13,2026-04-09,5,14,1,2026-05-09,,
L-2026-0212,P-2024-034,ShieldTech IT,Deepak Gupta,deepak@shieldte.com,West,Partner Referral,IAM,74000.0,New,2025-10-07,2026-05-10,9,8,0,,,
L-2026-0213,P-2024-045,DataFort Systems,Sneha Singh,sneha@datafort.com,North,Web,SIEM,684000.0,Qualified,2025-06-28,2026-04-17,7,12,0,,,
L-2026-0214,P-2024-016,NexGen Infosec,Meena Patel,meena@nexgenin.com,North,LinkedIn,Cloud Security,1235000.0,Lost,2025-10-04,2026-05-31,6,3,0,,,
L-2026-0215,P-2024-032,CyberCastle Technologies,Rajesh Singh,rajesh@cybercas.com,East,Referral,IAM,311000.0,Contacted,2025-10-07,2026-04-24,9,2,0,,,
L-2026-0216,P-2024-073,NexGen Infosec,Sneha Joshi,sneha@nexgenin.com,West,LinkedIn,Vuln Mgmt,100000.0,Converted,2025-07-08,2026-04-10,10,0,1,2026-05-08,,
L-2026-0217,P-2024-024,SecureVault Pvt Ltd,Pooja Verma,pooja@secureva.com,South,Partner Referral,DLP,83000.0,Lost,2025-10-17,2026-05-24,8,10,0,,,
L-2026-0218,P-2024-014,FireWatch Systems,Priya Singh,priya@firewatc.co.in,North,Referral,IAM,726000.0,Converted,2026-04-13,2026-04-06,8,3,1,2026-05-07,,
L-2026-0219,P-2024-069,ShieldTech IT,Arjun Reddy,arjun@shieldte.in,South,Partner Referral,Vuln Mgmt,52000.0,New,2026-04-10,2026-04-18,1,12,0,,,
L-2026-0220,P-2024-068,CyberCastle Technologies,Arjun Singh,arjun@cybercas.in,North,Web,Vuln Mgmt,510000.0,New,2026-01-03,2026-04-04,7,3,0,,,
L-2026-0221,P-2024-011,SecureVault Pvt Ltd,Pooja Reddy,pooja@secureva.co.in,East,Cold Call,Firewall,230000.0,New,2025-10-22,2026-04-21,8,9,0,,,
L-2026-0222,P-2024-027,ShieldTech IT,Vikram Reddy,vikram@shieldte.co.in,South,LinkedIn,SIEM,233000.0,Qualified,2025-06-23,2026-05-15,5,12,0,,,
L-2026-0223,P-2024-051,NexGen Infosec,Vikram Gupta,vikram@nexgenin.in,East,Event,Vuln Mgmt,570000.0,Lost,2025-10-11,2026-04-15,8,6,0,,,
L-2026-0224,P-2024-018,IronWall Networks,Deepak Joshi,deepak@ironwall.co.in,West,LinkedIn,IAM,210000.0,Contacted,2026-04-06,2026-05-22,3,1,0,,,
L-2026-0225,P-2024-050,IronWall Networks,Vikram Patel,vikram@ironwall.com,West,LinkedIn,IAM,621000.0,Converted,2026-04-13,2026-04-16,1,0,1,2026-05-20,,
L-2026-0226,P-2024-052,NexGen Infosec,Sneha Kumar,sneha@nexgenin.co.in,South,Partner Referral,IAM,111000.0,Qualified,2026-01-04,2026-04-23,8,10,0,,,
L-2026-0227,P-2024-022,QuantumSafe Solutions,Priya Sharma,priya@quantums.in,Central,LinkedIn,Cloud Security,486000.0,New,2025-07-20,2026-04-04,5,0,0,,,
L-2026-0228,P-2024-075,SecureVault Pvt Ltd,Arjun Reddy,arjun@secureva.co.in,East,Cold Call,Firewall,242000.0,Contacted,2025-08-18,2026-05-14,4,5,0,,,
L-2026-0229,P-2024-044,FireWatch Systems,Sneha Mehta,sneha@firewatc.co.in,South,Referral,DLP,737000.0,Lost,2025-07-06,2026-04-07,8,12,0,,,
L-2026-0230,P-2024-004,NetArmor Solutions,Rajesh Gupta,rajesh@netarmor.in,South,Web,Firewall,156000.0,Converted,2025-10-10,2026-04-19,4,1,1,2026-05-09,,
L-2026-0231,P-2024-044,NetArmor Solutions,Sneha Nair,sneha@netarmor.com,South,Referral,Cloud Security,255000.0,Converted,2025-12-30,2026-04-07,2,8,1,2026-05-24,,
L-2026-0232,P-2024-027,NexGen Infosec,Priya Nair,priya@nexgenin.com,South,Event,Vuln Mgmt,550000.0,New,2025-07-29,2026-05-30,3,3,0,,,
L-2026-0233,P-2024-062,CyberCastle Technologies,Amit Reddy,amit@cybercas.in,South,Cold Call,EDR,131000.0,Lost,2025-07-11,2026-05-24,5,9,0,,,
L-2026-0234,P-2024-007,SecureVault Pvt Ltd,Amit Nair,amit@secureva.co.in,North,Partner Referral,IAM,252000.0,Lost,2025-09-09,2026-05-12,6,12,0,,,
L-2026-0235,P-2024-002,NetArmor Solutions,Deepak Gupta,deepak@netarmor.in,South,Referral,DLP,223000.0,Contacted,2025-06-23,2026-05-11,3,10,0,,,
L-2026-0236,P-2024-047,DataFort Systems,Vikram Nair,vikram@datafort.co.in,South,Event,EDR,71000.0,Lost,2025-07-12,2026-04-19,6,7,0,,,
L-2026-0237,P-2024-030,InfoGuard Corp,Amit Nair,amit@infoguar.com,North,Referral,DLP,686000.0,Converted,2025-08-20,2026-05-24,4,11,1,2026-05-04,,
L-2026-0238,P-2024-067,DataFort Systems,Arjun Sharma,arjun@datafort.com,East,Partner Referral,EDR,470000.0,New,2025-12-23,2026-05-02,5,11,0,,,
L-2026-0239,P-2024-013,ShieldTech IT,Kavita Kumar,kavita@shieldte.com,West,Web,SIEM,160000.0,Qualified,2025-06-26,2026-05-20,5,11,0,,,
L-2026-0240,P-2024-074,FireWatch Systems,Deepak Nair,deepak@firewatc.com,North,Partner Referral,DLP,3463000.0,Qualified,2025-06-22,2026-05-14,10,10,0,,,
L-2026-0241,P-2024-060,NetArmor Solutions,Amit Mehta,amit@netarmor.in,West,LinkedIn,SIEM,203000.0,New,2025-06-02,2026-05-14,2,2,0,,,
L-2026-0242,P-2024-035,FireWatch Systems,Pooja Reddy,pooja@firewatc.in,West,Partner Referral,EDR,152000.0,Converted,2026-01-28,2026-04-08,6,10,1,2026-06-01,,
L-2026-0243,P-2024-017,SecureVault Pvt Ltd,Arjun Sharma,arjun@secureva.com,West,LinkedIn,DLP,71000.0,Converted,2025-07-26,2026-05-29,10,3,1,2026-06-01,,
L-2026-0244,P-2024-051,NetArmor Solutions,Vikram Patel,vikram@netarmor.co.in,East,Partner Referral,SIEM,65000.0,Lost,2025-09-18,2026-04-22,1,12,0,,,
L-2026-0245,P-2024-017,DataFort Systems,Deepak Nair,deepak@datafort.co.in,West,Event,IAM,558000.0,Qualified,2026-02-01,2026-04-25,2,8,0,,,
L-2026-0246,P-2024-077,NetArmor Solutions,Meena Reddy,meena@netarmor.com,Central,Web,DLP,671000.0,Qualified,2025-11-26,2026-05-09,10,10,0,,,
L-2026-0247,P-2024-053,InfoGuard Corp,Meena Gupta,meena@infoguar.in,Central,Cold Call,Vuln Mgmt,405000.0,Lost,2025-12-04,2026-04-24,4,2,0,,,
L-2026-0248,P-2024-030,SecureVault Pvt Ltd,Sneha Gupta,sneha@secureva.in,North,Referral,Cloud Security,239000.0,Lost,2025-12-31,2026-04-29,5,8,0,,,
L-2026-0249,P-2024-079,DataFort Systems,Priya Singh,priya@datafort.in,East,LinkedIn,Firewall,85000.0,Converted,2025-06-10,2026-05-03,4,10,1,2026-05-13,,
L-2026-0250,P-2024-058,CyberCastle Technologies,Amit Sharma,amit@cybercas.in,South,Cold Call,EDR,264000.0,New,2025-09-20,2026-04-16,9,11,0,,,
L-2026-0251,P-2024-002,SecureVault Pvt Ltd,Rajesh Mehta,rajesh@secureva.com,South,Event,Firewall,161000.0,Converted,2025-12-17,2026-04-13,2,1,1,2026-05-20,,
L-2026-0252,P-2024-010,SecureVault Pvt Ltd,Sneha Nair,sneha@secureva.co.in,North,Partner Referral,Cloud Security,60000.0,New,2026-01-16,2026-05-02,2,7,0,,,
L-2026-0253,P-2024-050,CyberCastle Technologies,Vikram Nair,vikram@cybercas.com,West,LinkedIn,SIEM,48000.0,New,2026-04-06,2026-04-07,5,4,0,,,
L-2026-0254,P-2024-028,InfoGuard Corp,Arjun Patel,arjun@infoguar.com,Central,Referral,IAM,245000.0,Converted,2025-09-01,2026-04-18,10,3,1,2026-05-13,,
L-2026-0255,P-2024-020,IronWall Networks,Rajesh Kumar,rajesh@ironwall.co.in,East,Cold Call,EDR,135000.0,Qualified,2025-08-01,2026-04-12,1,12,0,,,
L-2026-0256,P-2024-014,InfoGuard Corp,Meena Patel,meena@infoguar.co.in,North,Event,DLP,152000.0,Qualified,2025-10-31,2026-04-16,3,7,0,,,
L-2026-0257,P-2024-018,DataFort Systems,Sneha Verma,sneha@datafort.co.in,West,Cold Call,SIEM,259000.0,Lost,2025-11-18,2026-04-16,0,14,0,,,
L-2026-0258,P-2024-060,CyberCastle Technologies,Meena Gupta,meena@cybercas.co.in,West,Cold Call,SIEM,962000.0,Contacted,2025-09-12,2026-06-01,9,13,0,,,
L-2026-0259,P-2024-065,QuantumSafe Solutions,Kavita Sharma,kavita@quantums.in,South,Web,EDR,1069000.0,Contacted,2025-08-07,2026-04-19,2,11,0,,,
L-2026-0260,P-2024-064,DataFort Systems,Priya Kumar,priya@datafort.com,South,Partner Referral,Vuln Mgmt,162000.0,Converted,2026-04-16,2026-05-20,9,2,1,2026-05-29,,
L-2026-0261,P-2024-063,InfoGuard Corp,Pooja Gupta,pooja@infoguar.in,West,Event,EDR,487000.0,Converted,2025-06-26,2026-04-17,0,1,1,2026-05-30,,
L-2026-0262,P-2024-002,NexGen Infosec,Kavita Kumar,kavita@nexgenin.in,South,Event,IAM,238000.0,Lost,2026-04-12,2026-04-16,7,10,0,,,
L-2026-0263,P-2024-010,DataFort Systems,Sneha Verma,sneha@datafort.co.in,North,Cold Call,Cloud Security,519000.0,Converted,2025-07-21,2026-05-06,3,1,1,2026-05-09,,
L-2026-0264,P-2024-014,QuantumSafe Solutions,Amit Singh,amit@quantums.in,North,LinkedIn,IAM,600000.0,New,2025-11-11,2026-04-20,5,9,0,,,
L-2026-0265,P-2024-021,NexGen Infosec,Pooja Patel,pooja@nexgenin.co.in,North,Partner Referral,EDR,600000.0,Qualified,2025-10-22,2026-04-13,7,9,0,,,
L-2026-0266,P-2024-071,InfoGuard Corp,Vikram Verma,vikram@infoguar.co.in,Central,LinkedIn,EDR,845000.0,New,2025-11-29,2026-06-01,5,4,0,,,
L-2026-0267,P-2024-039,FireWatch Systems,Priya Kumar,priya@firewatc.in,West,Event,EDR,384000.0,Contacted,2026-02-21,2026-05-16,5,3,0,,,
L-2026-0268,P-2024-047,FireWatch Systems,Priya Mehta,priya@firewatc.com,South,Partner Referral,DLP,166000.0,Contacted,2025-07-11,2026-04-10,3,3,0,,,
L-2026-0269,P-2024-013,ShieldTech IT,Kavita Joshi,kavita@shieldte.com,West,Partner Referral,Vuln Mgmt,128000.0,Qualified,2026-01-06,2026-04-15,4,10,0,,,
L-2026-0270,P-2024-078,NetArmor Solutions,Kavita Reddy,kavita@netarmor.com,North,Referral,Firewall,213000.0,Contacted,2025-10-13,2026-05-04,10,10,0,,,
L-2026-0271,P-2024-077,FireWatch Systems,Kavita Sharma,kavita@firewatc.co.in,Central,Partner Referral,Cloud Security,157000.0,Contacted,2026-04-07,2026-04-27,1,8,0,,,
L-2026-0272,P-2024-052,FireWatch Systems,Deepak Patel,deepak@firewatc.in,South,Cold Call,Cloud Security,271000.0,Converted,2025-07-14,2026-05-20,6,1,1,2026-05-15,,
L-2026-0273,P-2024-079,ShieldTech IT,Priya Joshi,priya@shieldte.in,East,LinkedIn,SIEM,166000.0,New,2026-01-25,2026-05-12,3,8,0,,,
L-2026-0274,P-2024-045,FireWatch Systems,Pooja Singh,pooja@firewatc.com,North,Partner Referral,Vuln Mgmt,419000.0,Lost,2026-01-03,2026-05-20,0,10,0,,,
L-2026-0275,P-2024-048,NetArmor Solutions,Deepak Patel,deepak@netarmor.co.in,South,Event,IAM,102000.0,Contacted,2025-12-21,2026-04-27,1,12,0,,,
L-2026-0276,P-2024-062,InfoGuard Corp,Vikram Singh,vikram@infoguar.in,South,Partner Referral,EDR,601000.0,New,2025-06-20,2026-05-15,2,11,0,,,
L-2026-0277,P-2024-007,QuantumSafe Solutions,Sneha Joshi,sneha@quantums.co.in,North,Web,Firewall,216000.0,Lost,2025-11-22,2026-05-01,0,10,0,,,
L-2026-0278,P-2024-077,ShieldTech IT,Kavita Nair,kavita@shieldte.co.in,Central,Partner Referral,EDR,358000.0,Qualified,2026-04-23,2026-05-10,2,1,0,,,
L-2026-0279,P-2024-046,CyberCastle Technologies,Rajesh Reddy,rajesh@cybercas.com,West,Cold Call,EDR,271000.0,Lost,2025-11-09,2026-04-05,4,10,0,,,
L-2026-0280,P-2024-051,NexGen Infosec,Arjun Patel,arjun@nexgenin.com,East,LinkedIn,DLP,518000.0,Contacted,2025-11-24,2026-04-04,1,2,0,,,
L-2026-0281,P-2024-078,QuantumSafe Solutions,Amit Gupta,amit@quantums.com,North,Cold Call,DLP,63000.0,Contacted,2026-02-17,2026-04-21,8,7,0,,,
L-2026-0282,P-2024-073,IronWall Networks,Amit Kumar,amit@ironwall.in,West,Event,DLP,1241000.0,Qualified,2025-11-28,2026-05-04,1,5,0,,,
L-2026-0283,P-2024-036,NexGen Infosec,Pooja Verma,pooja@nexgenin.com,North,Event,IAM,138000.0,Qualified,2026-01-04,2026-05-18,3,12,0,,,
L-2026-0284,P-2024-004,DataFort Systems,Meena Singh,meena@datafort.com,South,Cold Call,EDR,237000.0,Converted,2026-04-16,2026-05-06,7,1,1,2026-05-08,,
L-2026-0285,P-2024-002,NetArmor Solutions,Kavita Nair,kavita@netarmor.in,South,Cold Call,DLP,392000.0,Lost,2026-04-11,2026-04-24,3,6,0,,,
L-2026-0286,P-2024-049,FireWatch Systems,Deepak Sharma,deepak@firewatc.in,Central,LinkedIn,Vuln Mgmt,486000.0,New,2026-04-11,2026-04-06,6,5,0,,,
L-2026-0287,P-2024-032,CyberCastle Technologies,Meena Joshi,meena@cybercas.in,East,Partner Referral,DLP,139000.0,Converted,2026-02-06,2026-05-05,6,8,1,2026-05-23,,
L-2026-0288,P-2024-079,DataFort Systems,Deepak Sharma,deepak@datafort.co.in,East,Referral,Cloud Security,754000.0,Converted,2025-07-27,2026-05-24,8,11,1,2026-05-20,,
L-2026-0289,P-2024-053,CyberCastle Technologies,Meena Sharma,meena@cybercas.in,Central,Cold Call,Cloud Security,92000.0,Contacted,2025-06-04,2026-04-04,0,7,0,,,
L-2026-0290,P-2024-021,ShieldTech IT,Arjun Reddy,arjun@shieldte.com,North,LinkedIn,Vuln Mgmt,328000.0,Contacted,2026-02-04,2026-04-04,1,11,0,,,
L-2026-0291,P-2024-043,CyberCastle Technologies,Arjun Gupta,arjun@cybercas.co.in,South,Partner Referral,Vuln Mgmt,486000.0,New,2025-09-16,2026-05-14,10,13,0,,,
L-2026-0292,P-2024-024,NexGen Infosec,Sneha Patel,sneha@nexgenin.co.in,South,Referral,DLP,267000.0,Lost,2025-09-12,2026-05-06,2,14,0,,,
L-2026-0293,P-2024-057,InfoGuard Corp,Amit Singh,amit@infoguar.co.in,West,Referral,SIEM,118000.0,Converted,2026-04-14,2026-05-23,9,9,1,2026-05-05,,
L-2026-0294,P-2024-005,NexGen Infosec,Pooja Verma,pooja@nexgenin.co.in,Central,LinkedIn,EDR,93000.0,Qualified,2025-09-11,2026-04-15,9,9,0,,,
L-2026-0295,P-2024-075,QuantumSafe Solutions,Priya Joshi,priya@quantums.com,East,Cold Call,SIEM,121000.0,Lost,2025-09-03,2026-05-24,0,14,0,,,
L-2026-0296,P-2024-016,SecureVault Pvt Ltd,Pooja Kumar,pooja@secureva.co.in,North,LinkedIn,Cloud Security,180000.0,Contacted,2025-06-14,2026-04-29,4,13,0,,,
L-2026-0297,P-2024-012,NexGen Infosec,Amit Verma,amit@nexgenin.in,North,Web,IAM,127000.0,Qualified,2025-06-13,2026-05-01,9,11,0,,,
L-2026-0298,P-2024-064,SecureVault Pvt Ltd,Rajesh Nair,rajesh@secureva.co.in,South,Event,Vuln Mgmt,160000.0,New,2026-01-16,2026-04-11,9,14,0,,,
L-2026-0299,P-2024-079,CyberCastle Technologies,Sneha Gupta,sneha@cybercas.com,East,Web,SIEM,160000.0,New,2025-11-30,2026-04-30,0,6,0,,,
L-2026-0300,P-2024-071,IronWall Networks,Amit Patel,amit@ironwall.in,Central,Cold Call,Cloud Security,121000.0,New,2025-08-30,2026-04-04,0,12,0,,,
L-2026-0301,P-2024-061,ShieldTech IT,Kavita Nair,kavita@shieldte.co.in,West,Referral,Firewall,251000.0,Converted,2025-08-09,2026-05-13,2,10,1,2026-05-14,,
L-2026-0302,P-2024-041,CyberCastle Technologies,Priya Singh,priya@cybercas.com,East,Partner Referral,SIEM,75000.0,Qualified,2025-10-22,2026-04-22,0,8,0,,,
L-2026-0303,P-2024-069,ShieldTech IT,Rajesh Gupta,rajesh@shieldte.com,South,Event,DLP,185000.0,Qualified,2026-01-01,2026-05-09,9,9,0,,,
L-2026-0304,P-2024-058,InfoGuard Corp,Meena Reddy,meena@infoguar.in,South,Cold Call,IAM,198000.0,New,2026-02-13,2026-05-20,8,3,0,,,
L-2026-0305,P-2024-044,NetArmor Solutions,Deepak Singh,deepak@netarmor.co.in,South,Web,Firewall,182000.0,New,2025-09-09,2026-05-08,8,11,0,,,
L-2026-0306,P-2024-067,InfoGuard Corp,Deepak Gupta,deepak@infoguar.co.in,East,Referral,Vuln Mgmt,309000.0,Converted,2025-11-24,2026-04-22,4,0,1,2026-05-04,,
L-2026-0307,P-2024-027,DataFort Systems,Vikram Singh,vikram@datafort.in,South,Cold Call,Firewall,143000.0,New,2026-04-25,2026-04-23,3,3,0,,,
L-2026-0308,P-2024-072,DataFort Systems,Pooja Patel,pooja@datafort.com,Central,Partner Referral,SIEM,305000.0,Qualified,2025-06-23,2026-04-05,3,1,0,,,
L-2026-0309,P-2024-044,SecureVault Pvt Ltd,Arjun Kumar,arjun@secureva.in,South,Partner Referral,DLP,103000.0,New,2026-01-31,2026-04-17,0,7,0,,,
L-2026-0310,P-2024-077,DataFort Systems,Meena Verma,meena@datafort.com,Central,Partner Referral,Vuln Mgmt,338000.0,New,2025-09-05,2026-05-26,7,10,0,,,
L-2026-0311,P-2024-059,CyberCastle Technologies,Amit Verma,amit@cybercas.in,West,Cold Call,DLP,460000.0,Contacted,2026-01-29,2026-04-18,10,10,0,,,
L-2026-0312,P-2024-043,IronWall Networks,Amit Gupta,amit@ironwall.co.in,South,Cold Call,IAM,79000.0,Lost,2026-02-26,2026-04-30,7,7,0,,,
L-2026-0313,P-2024-014,ShieldTech IT,Arjun Verma,arjun@shieldte.com,North,Web,IAM,136000.0,Lost,2025-12-29,2026-04-27,1,13,0,,,
L-2026-0314,P-2024-021,QuantumSafe Solutions,Pooja Mehta,pooja@quantums.co.in,North,Web,EDR,83000.0,Lost,2026-02-03,2026-04-20,1,6,0,,,
L-2026-0315,P-2024-010,DataFort Systems,Priya Nair,priya@datafort.in,North,LinkedIn,DLP,452000.0,Converted,2026-03-28,2026-04-24,9,14,1,2026-05-29,,
L-2026-0316,P-2024-077,DataFort Systems,Pooja Kumar,pooja@datafort.co.in,Central,Web,EDR,332000.0,Contacted,2025-09-13,2026-04-28,7,5,0,,,
L-2026-0317,P-2024-038,IronWall Networks,Vikram Joshi,vikram@ironwall.com,Central,Web,IAM,245000.0,Converted,2026-04-28,2026-04-23,9,9,1,2026-05-16,,
L-2026-0318,P-2024-052,IronWall Networks,Pooja Joshi,pooja@ironwall.co.in,South,Event,DLP,127000.0,Lost,2025-10-07,2026-05-08,4,13,0,,,
L-2026-0319,P-2024-056,CyberCastle Technologies,Arjun Singh,arjun@cybercas.co.in,West,Partner Referral,EDR,159000.0,Qualified,2026-02-23,2026-06-01,10,3,0,,,
L-2026-0320,P-2024-010,FireWatch Systems,Amit Joshi,amit@firewatc.co.in,North,LinkedIn,IAM,485000.0,New,2025-09-27,2026-04-23,2,0,0,,,
L-2026-0321,P-2024-024,InfoGuard Corp,Arjun Verma,arjun@infoguar.co.in,South,Web,DLP,306000.0,Contacted,2026-01-01,2026-04-17,6,8,0,,,
L-2026-0322,P-2024-065,NexGen Infosec,Kavita Sharma,kavita@nexgenin.in,South,Cold Call,Cloud Security,299000.0,Lost,2026-03-23,2026-05-23,8,6,0,,,
L-2026-0323,P-2024-068,CyberCastle Technologies,Deepak Verma,deepak@cybercas.co.in,North,Cold Call,Firewall,92000.0,New,2025-11-08,2026-04-28,8,7,0,,,
L-2026-0324,P-2024-002,DataFort Systems,Vikram Gupta,vikram@datafort.com,South,Web,Cloud Security,993000.0,Qualified,2025-07-01,2026-04-15,8,7,0,,,
L-2026-0325,P-2024-039,CyberCastle Technologies,Pooja Kumar,pooja@cybercas.in,West,LinkedIn,Firewall,111000.0,Qualified,2026-02-27,2026-04-30,9,12,0,,,
L-2026-0326,P-2024-010,NexGen Infosec,Pooja Singh,pooja@nexgenin.co.in,North,Cold Call,EDR,334000.0,New,2025-09-16,2026-05-09,2,4,0,,,
L-2026-0327,P-2024-023,NexGen Infosec,Priya Singh,priya@nexgenin.com,South,Cold Call,Vuln Mgmt,242000.0,Converted,2025-08-22,2026-04-14,3,12,1,2026-05-19,,
L-2026-0328,P-2024-050,InfoGuard Corp,Vikram Sharma,vikram@infoguar.com,West,Event,DLP,389000.0,New,2025-10-10,2026-05-02,7,10,0,,,
L-2026-0329,P-2024-039,ShieldTech IT,Amit Reddy,amit@shieldte.com,West,Web,SIEM,85000.0,Qualified,2025-09-15,2026-05-08,8,11,0,,,
L-2026-0330,P-2024-041,IronWall Networks,Pooja Gupta,pooja@ironwall.in,East,Partner Referral,SIEM,83000.0,Lost,2026-03-13,2026-05-16,0,10,0,,,
L-2026-0331,P-2024-075,IronWall Networks,Kavita Singh,kavita@ironwall.co.in,East,Web,Firewall,972000.0,Converted,2026-04-28,2026-04-09,10,7,1,2026-05-30,,
L-2026-0332,P-2024-002,InfoGuard Corp,Sneha Kumar,sneha@infoguar.co.in,South,Web,Firewall,101000.0,Converted,2026-04-03,2026-04-02,8,1,1,2026-05-13,,
L-2026-0333,P-2024-028,DataFort Systems,Arjun Verma,arjun@datafort.com,Central,Partner Referral,Cloud Security,371000.0,Contacted,2026-01-28,2026-05-16,1,10,0,,,
L-2026-0334,P-2024-038,DataFort Systems,Kavita Gupta,kavita@datafort.com,Central,Web,SIEM,3153000.0,Lost,2026-04-01,2026-05-08,1,10,0,,,
L-2026-0335,P-2024-050,ShieldTech IT,Sneha Verma,sneha@shieldte.com,West,Cold Call,Cloud Security,628000.0,Converted,2025-08-24,2026-05-26,4,0,1,2026-05-28,,
L-2026-0336,P-2024-070,SecureVault Pvt Ltd,Rajesh Sharma,rajesh@secureva.co.in,West,Web,Cloud Security,2549000.0,New,2025-12-25,2026-04-13,9,3,0,,,
L-2026-0337,P-2024-058,IronWall Networks,Vikram Singh,vikram@ironwall.in,South,Referral,IAM,70000.0,Converted,2026-05-01,2026-04-30,7,14,1,2026-05-10,,
L-2026-0338,P-2024-063,QuantumSafe Solutions,Priya Verma,priya@quantums.in,West,Web,SIEM,629000.0,Lost,2025-11-28,2026-05-07,6,6,0,,,
L-2026-0339,P-2024-008,DataFort Systems,Vikram Patel,vikram@datafort.co.in,East,LinkedIn,Firewall,76000.0,Lost,2025-10-18,2026-04-20,1,10,0,,,
L-2026-0340,P-2024-025,DataFort Systems,Meena Patel,meena@datafort.com,East,Cold Call,EDR,1171000.0,New,2026-04-20,2026-04-16,6,11,0,,,
L-2026-0341,P-2024-076,IronWall Networks,Rajesh Kumar,rajesh@ironwall.com,Central,Event,SIEM,73000.0,Lost,2026-04-11,2026-05-07,6,7,0,,,
L-2026-0342,P-2024-016,SecureVault Pvt Ltd,Pooja Patel,pooja@secureva.com,North,Event,Cloud Security,410000.0,Contacted,2026-02-19,2026-05-01,10,12,0,,,
L-2026-0343,P-2024-003,NexGen Infosec,Priya Nair,priya@nexgenin.com,East,Web,Vuln Mgmt,145000.0,Qualified,2025-07-04,2026-05-28,9,14,0,,,
L-2026-0344,P-2024-014,SecureVault Pvt Ltd,Arjun Mehta,arjun@secureva.co.in,North,Referral,IAM,454000.0,Converted,2025-07-27,2026-05-24,9,7,1,2026-05-22,,
L-2026-0345,P-2024-028,QuantumSafe Solutions,Amit Mehta,amit@quantums.com,Central,Referral,DLP,208000.0,Lost,2025-12-29,2026-04-03,2,9,0,,,
L-2026-0346,P-2024-075,InfoGuard Corp,Meena Sharma,meena@infoguar.com,East,Referral,EDR,795000.0,Converted,2026-03-18,2026-04-17,1,2,1,2026-05-12,,
L-2026-0347,P-2024-076,NexGen Infosec,Sneha Singh,sneha@nexgenin.co.in,Central,Cold Call,Firewall,374000.0,Lost,2025-07-01,2026-05-21,7,6,0,,,
L-2026-0348,P-2024-064,SecureVault Pvt Ltd,Priya Reddy,priya@secureva.co.in,South,Partner Referral,SIEM,510000.0,Contacted,2025-07-30,2026-04-30,10,1,0,,,
L-2026-0349,P-2024-029,DataFort Systems,Meena Nair,meena@datafort.com,North,Web,Cloud Security,363000.0,Contacted,2026-04-10,2026-05-29,10,12,0,,,
L-2026-0350,P-2024-047,QuantumSafe Solutions,Priya Kumar,priya@quantums.com,South,Cold Call,EDR,110000.0,Converted,2026-04-18,2026-05-01,6,3,1,2026-05-16,,
L-2026-0351,P-2024-015,SecureVault Pvt Ltd,Kavita Patel,kavita@secureva.in,West,Referral,EDR,566000.0,Converted,2026-03-13,2026-05-17,3,14,1,2026-05-09,,
L-2026-0352,P-2024-053,NexGen Infosec,Amit Patel,amit@nexgenin.in,Central,Event,EDR,65000.0,Lost,2025-10-16,2026-05-09,3,6,0,,,
L-2026-0353,P-2024-018,SecureVault Pvt Ltd,Vikram Singh,vikram@secureva.in,West,Web,DLP,168000.0,New,2025-09-30,2026-05-22,3,11,0,,,
L-2026-0354,P-2024-044,NetArmor Solutions,Pooja Reddy,pooja@netarmor.com,South,Event,DLP,527000.0,Contacted,2025-08-08,2026-05-01,4,14,0,,,
L-2026-0355,P-2024-028,ShieldTech IT,Sneha Mehta,sneha@shieldte.co.in,Central,Partner Referral,EDR,87000.0,Contacted,2025-07-04,2026-04-02,7,7,0,,,
L-2026-0356,P-2024-020,ShieldTech IT,Arjun Reddy,arjun@shieldte.in,East,Partner Referral,Vuln Mgmt,238000.0,New,2026-03-13,2026-05-04,0,14,0,,,
L-2026-0357,P-2024-064,NetArmor Solutions,Kavita Gupta,kavita@netarmor.co.in,South,Event,Firewall,832000.0,Converted,2026-04-24,2026-05-02,8,1,1,2026-05-11,,
L-2026-0358,P-2024-040,FireWatch Systems,Amit Mehta,amit@firewatc.co.in,West,Event,Cloud Security,81000.0,Lost,2026-05-02,2026-04-07,7,11,0,,,
L-2026-0359,P-2024-010,IronWall Networks,Priya Verma,priya@ironwall.co.in,North,Web,Firewall,285000.0,Contacted,2025-08-12,2026-04-02,5,14,0,,,
L-2026-0360,P-2024-047,QuantumSafe Solutions,Deepak Sharma,deepak@quantums.co.in,South,Referral,Vuln Mgmt,165000.0,Converted,2026-01-18,2026-05-24,6,1,1,2026-05-22,,
L-2026-0361,P-2024-031,IronWall Networks,Sneha Mehta,sneha@ironwall.in,Central,Partner Referral,IAM,165000.0,Contacted,2025-09-28,2026-05-15,10,1,0,,,
L-2026-0362,P-2024-007,CyberCastle Technologies,Deepak Reddy,deepak@cybercas.in,North,Referral,IAM,235000.0,Converted,2025-10-26,2026-04-11,5,5,1,2026-05-11,,
L-2026-0363,P-2024-009,CyberCastle Technologies,Priya Singh,priya@cybercas.com,South,Event,Cloud Security,106000.0,New,2026-02-16,2026-05-01,7,14,0,,,
L-2026-0364,P-2024-020,ShieldTech IT,Meena Mehta,meena@shieldte.in,East,Event,Cloud Security,87000.0,Contacted,2025-06-06,2026-05-31,10,8,0,,,
L-2026-0365,P-2024-038,IronWall Networks,Pooja Mehta,pooja@ironwall.in,Central,Event,IAM,522000.0,Lost,2025-08-04,2026-04-09,0,1,0,,,
L-2026-0366,P-2024-071,IronWall Networks,Sneha Nair,sneha@ironwall.in,Central,Web,Vuln Mgmt,665000.0,Qualified,2026-04-08,2026-05-23,4,7,0,,,
L-2026-0367,P-2024-046,DataFort Systems,Amit Singh,amit@datafort.com,West,Cold Call,Firewall,326000.0,Contacted,2026-04-11,2026-05-12,2,7,0,,,
L-2026-0368,P-2024-074,IronWall Networks,Kavita Singh,kavita@ironwall.in,North,Event,IAM,214000.0,Qualified,2026-02-08,2026-04-28,4,7,0,,,
L-2026-0369,P-2024-039,InfoGuard Corp,Kavita Singh,kavita@infoguar.co.in,West,Referral,IAM,207000.0,Lost,2025-08-16,2026-05-11,0,14,0,,,
L-2026-0370,P-2024-038,InfoGuard Corp,Priya Nair,priya@infoguar.com,Central,Web,Cloud Security,1220000.0,Converted,2025-07-24,2026-05-25,4,14,1,2026-05-23,,
L-2026-0371,P-2024-004,NetArmor Solutions,Pooja Reddy,pooja@netarmor.in,South,Web,EDR,247000.0,Contacted,2026-04-21,2026-05-27,3,9,0,,,
L-2026-0372,P-2024-069,DataFort Systems,Kavita Joshi,kavita@datafort.co.in,South,Web,Vuln Mgmt,202000.0,New,2025-09-26,2026-05-09,10,10,0,,,
L-2026-0373,P-2024-050,ShieldTech IT,Sneha Nair,sneha@shieldte.in,West,Cold Call,SIEM,197000.0,Converted,2026-02-08,2026-04-11,4,0,1,2026-05-09,,
L-2026-0374,P-2024-055,QuantumSafe Solutions,Vikram Nair,vikram@quantums.in,East,LinkedIn,Firewall,81000.0,Contacted,2025-07-04,2026-04-14,6,14,0,,,
L-2026-0375,P-2024-049,NetArmor Solutions,Pooja Singh,pooja@netarmor.com,Central,Referral,Vuln Mgmt,349000.0,Converted,2025-10-19,2026-05-14,6,0,1,2026-05-15,,
L-2026-0376,P-2024-063,DataFort Systems,Rajesh Kumar,rajesh@datafort.in,West,Referral,SIEM,519000.0,Converted,2025-06-09,2026-04-09,4,13,1,2026-05-12,,
L-2026-0377,P-2024-061,CyberCastle Technologies,Rajesh Sharma,rajesh@cybercas.in,West,Referral,Firewall,676000.0,Contacted,2025-06-30,2026-04-15,10,10,0,,,
L-2026-0378,P-2024-047,NexGen Infosec,Kavita Reddy,kavita@nexgenin.com,South,Partner Referral,Vuln Mgmt,238000.0,New,2025-12-21,2026-05-22,9,7,0,,,
L-2026-0379,P-2024-075,IronWall Networks,Kavita Joshi,kavita@ironwall.com,East,Referral,SIEM,225000.0,Converted,2025-12-04,2026-04-29,5,2,1,2026-05-12,,
L-2026-0380,P-2024-010,IronWall Networks,Vikram Gupta,vikram@ironwall.com,North,Partner Referral,IAM,166000.0,Qualified,2025-07-10,2026-05-10,10,3,0,,,
L-2026-0381,P-2024-019,DataFort Systems,Priya Patel,priya@datafort.co.in,East,Referral,EDR,69000.0,Contacted,2026-01-26,2026-04-12,8,2,0,,,
L-2026-0382,P-2024-072,SecureVault Pvt Ltd,Arjun Nair,arjun@secureva.com,Central,Partner Referral,Vuln Mgmt,1400000.0,New,2026-02-24,2026-04-03,8,11,0,,,
L-2026-0383,P-2024-003,InfoGuard Corp,Amit Gupta,amit@infoguar.co.in,East,Web,Vuln Mgmt,364000.0,Qualified,2026-03-03,2026-05-18,4,5,0,,,
L-2026-0384,P-2024-017,InfoGuard Corp,Priya Sharma,priya@infoguar.in,West,LinkedIn,Vuln Mgmt,192000.0,Converted,2025-09-24,2026-05-30,3,2,1,2026-05-26,,
L-2026-0385,P-2024-014,InfoGuard Corp,Priya Gupta,priya@infoguar.com,North,Referral,Vuln Mgmt,274000.0,Converted,2026-02-28,2026-04-04,10,12,1,2026-05-13,,
L-2026-0386,P-2024-027,IronWall Networks,Pooja Mehta,pooja@ironwall.com,South,Partner Referral,Vuln Mgmt,138000.0,Qualified,2025-08-19,2026-04-13,3,14,0,,,
L-2026-0387,P-2024-079,SecureVault Pvt Ltd,Deepak Kumar,deepak@secureva.com,East,Event,IAM,578000.0,Contacted,2025-09-01,2026-05-09,9,8,0,,,
L-2026-0388,P-2024-076,IronWall Networks,Arjun Sharma,arjun@ironwall.com,Central,Event,DLP,195000.0,Contacted,2026-03-07,2026-04-29,10,7,0,,,
L-2026-0389,P-2024-018,ShieldTech IT,Meena Sharma,meena@shieldte.in,West,Web,DLP,506000.0,Qualified,2025-06-29,2026-04-15,5,12,0,,,
L-2026-0390,P-2024-040,IronWall Networks,Priya Nair,priya@ironwall.com,West,LinkedIn,Firewall,142000.0,Converted,2025-08-24,2026-04-19,7,13,1,2026-05-29,,
L-2026-0391,P-2024-051,IronWall Networks,Amit Sharma,amit@ironwall.com,East,Web,SIEM,353000.0,New,2026-01-20,2026-04-24,10,8,0,,,
L-2026-0392,P-2024-052,IronWall Networks,Vikram Joshi,vikram@ironwall.in,South,Referral,Cloud Security,412000.0,Converted,2025-06-28,2026-04-02,6,3,1,2026-05-20,,
L-2026-0393,P-2024-063,InfoGuard Corp,Sneha Singh,sneha@infoguar.com,West,Partner Referral,Cloud Security,405000.0,Lost,2026-04-05,2026-04-09,2,4,0,,,
L-2026-0394,P-2024-009,NexGen Infosec,Vikram Verma,vikram@nexgenin.com,South,Web,Vuln Mgmt,766000.0,Contacted,2026-03-24,2026-04-20,0,10,0,,,
L-2026-0395,P-2024-067,QuantumSafe Solutions,Deepak Mehta,deepak@quantums.co.in,East,Web,Firewall,80000.0,Qualified,2026-04-16,2026-05-05,7,12,0,,,
L-2026-0396,P-2024-016,DataFort Systems,Deepak Gupta,deepak@datafort.in,North,Web,DLP,640000.0,Contacted,2026-02-23,2026-05-13,5,7,0,,,
L-2026-0397,P-2024-050,DataFort Systems,Meena Reddy,meena@datafort.co.in,West,Web,Firewall,323000.0,Lost,2025-10-14,2026-05-16,1,12,0,,,
L-2026-0398,P-2024-064,InfoGuard Corp,Rajesh Verma,rajesh@infoguar.com,South,Partner Referral,Vuln Mgmt,757000.0,New,2025-10-27,2026-05-10,9,6,0,,,
L-2026-0399,P-2024-075,NetArmor Solutions,Kavita Kumar,kavita@netarmor.com,East,Referral,EDR,211000.0,Converted,2025-06-05,2026-05-13,10,12,1,2026-05-14,,
L-2026-0400,P-2024-011,QuantumSafe Solutions,Arjun Verma,arjun@quantums.in,East,LinkedIn,SIEM,142000.0,Converted,2026-04-22,2026-04-18,4,1,1,2026-05-17,,
